--------------------------------------------------------
--  File created - Sunday-August-26-2018   
--------------------------------------------------------
--------------------------------------------------------
--  DDL for Table ADDRESS
--------------------------------------------------------

  CREATE TABLE "NIKHIL"."ADDRESS" 
   (	"ID" NUMBER(10,0), 
	"ADDRESS" VARCHAR2(255 CHAR), 
	"CREATED_DATE" TIMESTAMP (6), 
	"FIRSTNAME" VARCHAR2(255 CHAR), 
	"LASTNAME" VARCHAR2(255 CHAR), 
	"LASTUPDATE_DATE" TIMESTAMP (6), 
	"POSTALCODE" NUMBER(10,0), 
	"TYPE" NUMBER(10,0), 
	"USER_ID" NUMBER(10,0)
   ) SEGMENT CREATION DEFERRED 
  PCTFREE 10 PCTUSED 40 INITRANS 1 MAXTRANS 255 
 NOCOMPRESS LOGGING
  TABLESPACE "USERS" ;
--------------------------------------------------------
--  DDL for Table CART
--------------------------------------------------------

  CREATE TABLE "NIKHIL"."CART" 
   (	"ID" NUMBER(10,0), 
	"CREATED_DATE" TIMESTAMP (6), 
	"LASTUPDATE_DATE" TIMESTAMP (6), 
	"TOTALPRICE" FLOAT(126), 
	"USER_ID" NUMBER(10,0)
   ) SEGMENT CREATION DEFERRED 
  PCTFREE 10 PCTUSED 40 INITRANS 1 MAXTRANS 255 
 NOCOMPRESS LOGGING
  TABLESPACE "USERS" ;
--------------------------------------------------------
--  DDL for Table CART_PRODUCT
--------------------------------------------------------

  CREATE TABLE "NIKHIL"."CART_PRODUCT" 
   (	"CART_ID" NUMBER(10,0), 
	"PRODUCT_ID" NUMBER(10,0)
   ) SEGMENT CREATION DEFERRED 
  PCTFREE 10 PCTUSED 40 INITRANS 1 MAXTRANS 255 
 NOCOMPRESS LOGGING
  TABLESPACE "USERS" ;
--------------------------------------------------------
--  DDL for Table ORDERS
--------------------------------------------------------

  CREATE TABLE "NIKHIL"."ORDERS" 
   (	"ID" NUMBER(10,0), 
	"CREATED_DATE" TIMESTAMP (6), 
	"LASTUPDATE_DATE" TIMESTAMP (6), 
	"ORDERSTATUS" VARCHAR2(255 CHAR), 
	"ADDRESS_ID" NUMBER(10,0), 
	"USER_ID" NUMBER(10,0)
   ) SEGMENT CREATION DEFERRED 
  PCTFREE 10 PCTUSED 40 INITRANS 1 MAXTRANS 255 
 NOCOMPRESS LOGGING
  TABLESPACE "USERS" ;
--------------------------------------------------------
--  DDL for Table ORDERS_PRODUCT
--------------------------------------------------------

  CREATE TABLE "NIKHIL"."ORDERS_PRODUCT" 
   (	"ORDER_ID" NUMBER(10,0), 
	"PRODUCT_ID" NUMBER(10,0)
   ) SEGMENT CREATION DEFERRED 
  PCTFREE 10 PCTUSED 40 INITRANS 1 MAXTRANS 255 
 NOCOMPRESS LOGGING
  TABLESPACE "USERS" ;
--------------------------------------------------------
--  DDL for Table PRODUCT
--------------------------------------------------------

  CREATE TABLE "NIKHIL"."PRODUCT" 
   (	"ID" NUMBER(10,0), 
	"CODE" VARCHAR2(255 CHAR), 
	"CREATED_DATE" TIMESTAMP (6), 
	"DESCRIPTION" VARCHAR2(255 CHAR), 
	"ENABLED" NUMBER(1,0), 
	"IMAGENAME" VARCHAR2(255 CHAR), 
	"LASTUPDATE_DATE" TIMESTAMP (6), 
	"OFFERPRICE" FLOAT(126), 
	"PRICE" FLOAT(126), 
	"STOCK" NUMBER(10,0), 
	"CATEGORY_ID" NUMBER(10,0)
   ) SEGMENT CREATION IMMEDIATE 
  PCTFREE 10 PCTUSED 40 INITRANS 1 MAXTRANS 255 
 NOCOMPRESS LOGGING
  STORAGE(INITIAL 65536 NEXT 1048576 MINEXTENTS 1 MAXEXTENTS 2147483645
  PCTINCREASE 0 FREELISTS 1 FREELIST GROUPS 1
  BUFFER_POOL DEFAULT FLASH_CACHE DEFAULT CELL_FLASH_CACHE DEFAULT)
  TABLESPACE "USERS" ;
--------------------------------------------------------
--  DDL for Table PRODUCT_CATEGORY
--------------------------------------------------------

  CREATE TABLE "NIKHIL"."PRODUCT_CATEGORY" 
   (	"ID" NUMBER(10,0), 
	"CODE" VARCHAR2(255 CHAR), 
	"CREATED_DATE" TIMESTAMP (6), 
	"ENABLED" NUMBER(1,0), 
	"LASTUPDATE_DATE" TIMESTAMP (6), 
	"TYPE" VARCHAR2(255 CHAR)
   ) SEGMENT CREATION IMMEDIATE 
  PCTFREE 10 PCTUSED 40 INITRANS 1 MAXTRANS 255 
 NOCOMPRESS LOGGING
  STORAGE(INITIAL 65536 NEXT 1048576 MINEXTENTS 1 MAXEXTENTS 2147483645
  PCTINCREASE 0 FREELISTS 1 FREELIST GROUPS 1
  BUFFER_POOL DEFAULT FLASH_CACHE DEFAULT CELL_FLASH_CACHE DEFAULT)
  TABLESPACE "USERS" ;
--------------------------------------------------------
--  DDL for Table ROLE
--------------------------------------------------------

  CREATE TABLE "NIKHIL"."ROLE" 
   (	"ROLEID" NUMBER(10,0), 
	"NAME" VARCHAR2(255 CHAR)
   ) SEGMENT CREATION IMMEDIATE 
  PCTFREE 10 PCTUSED 40 INITRANS 1 MAXTRANS 255 
 NOCOMPRESS LOGGING
  STORAGE(INITIAL 65536 NEXT 1048576 MINEXTENTS 1 MAXEXTENTS 2147483645
  PCTINCREASE 0 FREELISTS 1 FREELIST GROUPS 1
  BUFFER_POOL DEFAULT FLASH_CACHE DEFAULT CELL_FLASH_CACHE DEFAULT)
  TABLESPACE "USERS" ;
--------------------------------------------------------
--  DDL for Table USER_ROLE
--------------------------------------------------------

  CREATE TABLE "NIKHIL"."USER_ROLE" 
   (	"USERROLEID" NUMBER(19,0), 
	"ROLE_ID" NUMBER(10,0), 
	"USER_ID" NUMBER(10,0)
   ) SEGMENT CREATION IMMEDIATE 
  PCTFREE 10 PCTUSED 40 INITRANS 1 MAXTRANS 255 
 NOCOMPRESS LOGGING
  STORAGE(INITIAL 65536 NEXT 1048576 MINEXTENTS 1 MAXEXTENTS 2147483645
  PCTINCREASE 0 FREELISTS 1 FREELIST GROUPS 1
  BUFFER_POOL DEFAULT FLASH_CACHE DEFAULT CELL_FLASH_CACHE DEFAULT)
  TABLESPACE "USERS" ;
--------------------------------------------------------
--  DDL for Table USERS
--------------------------------------------------------

  CREATE TABLE "NIKHIL"."USERS" 
   (	"ID" NUMBER(10,0), 
	"CREATED_DATE" TIMESTAMP (6), 
	"EMAIL" VARCHAR2(255 CHAR), 
	"ENABLED" NUMBER(1,0), 
	"FIRSTNAME" VARCHAR2(255 CHAR), 
	"LASTUPDATE_DATE" TIMESTAMP (6), 
	"PASSWORD" VARCHAR2(255 CHAR), 
	"ROLE" VARCHAR2(255 CHAR), 
	"USERNAME" VARCHAR2(255 CHAR)
   ) SEGMENT CREATION IMMEDIATE 
  PCTFREE 10 PCTUSED 40 INITRANS 1 MAXTRANS 255 
 NOCOMPRESS LOGGING
  STORAGE(INITIAL 65536 NEXT 1048576 MINEXTENTS 1 MAXEXTENTS 2147483645
  PCTINCREASE 0 FREELISTS 1 FREELIST GROUPS 1
  BUFFER_POOL DEFAULT FLASH_CACHE DEFAULT CELL_FLASH_CACHE DEFAULT)
  TABLESPACE "USERS" ;
REM INSERTING into NIKHIL.ADDRESS
SET DEFINE OFF;
REM INSERTING into NIKHIL.CART
SET DEFINE OFF;
REM INSERTING into NIKHIL.CART_PRODUCT
SET DEFINE OFF;
REM INSERTING into NIKHIL.ORDERS
SET DEFINE OFF;
REM INSERTING into NIKHIL.ORDERS_PRODUCT
SET DEFINE OFF;
REM INSERTING into NIKHIL.PRODUCT
SET DEFINE OFF;
Insert into NIKHIL.PRODUCT (ID,CODE,CREATED_DATE,DESCRIPTION,ENABLED,IMAGENAME,LASTUPDATE_DATE,OFFERPRICE,PRICE,STOCK,CATEGORY_ID) values (15,'Computer',to_timestamp('26-08-18 04:47:46.694000000 PM','DD-MM-RR HH12:MI:SSXFF AM'),'This is the Computer want to buy?',1,'Computer.jpg',null,150000,152000,2,6);
Insert into NIKHIL.PRODUCT (ID,CODE,CREATED_DATE,DESCRIPTION,ENABLED,IMAGENAME,LASTUPDATE_DATE,OFFERPRICE,PRICE,STOCK,CATEGORY_ID) values (16,'S8',to_timestamp('26-08-18 04:47:46.695000000 PM','DD-MM-RR HH12:MI:SSXFF AM'),'This is the S8 want to buy?',1,'S8.jpg',null,58000,52000,50,7);
Insert into NIKHIL.PRODUCT (ID,CODE,CREATED_DATE,DESCRIPTION,ENABLED,IMAGENAME,LASTUPDATE_DATE,OFFERPRICE,PRICE,STOCK,CATEGORY_ID) values (17,'S8+',to_timestamp('26-08-18 04:47:46.695000000 PM','DD-MM-RR HH12:MI:SSXFF AM'),'This is the S8+ want to buy?',1,'S8+.jpg',null,60000,70000,50,7);
Insert into NIKHIL.PRODUCT (ID,CODE,CREATED_DATE,DESCRIPTION,ENABLED,IMAGENAME,LASTUPDATE_DATE,OFFERPRICE,PRICE,STOCK,CATEGORY_ID) values (18,'s7',to_timestamp('26-08-18 04:47:46.696000000 PM','DD-MM-RR HH12:MI:SSXFF AM'),'This is the s7 want to buy?',1,'s7.jpg',null,56000,59000,50,7);
Insert into NIKHIL.PRODUCT (ID,CODE,CREATED_DATE,DESCRIPTION,ENABLED,IMAGENAME,LASTUPDATE_DATE,OFFERPRICE,PRICE,STOCK,CATEGORY_ID) values (19,'s7Edge',to_timestamp('26-08-18 04:47:46.696000000 PM','DD-MM-RR HH12:MI:SSXFF AM'),'This is the s7Edge want to buy?',1,'s7Edge.jpg',null,56000,59000,50,8);
Insert into NIKHIL.PRODUCT (ID,CODE,CREATED_DATE,DESCRIPTION,ENABLED,IMAGENAME,LASTUPDATE_DATE,OFFERPRICE,PRICE,STOCK,CATEGORY_ID) values (20,'HTCDesire',to_timestamp('26-08-18 04:47:46.697000000 PM','DD-MM-RR HH12:MI:SSXFF AM'),'This is the HTCDesire want to buy?',1,'HTCDesire.jpg',null,56000,59000,50,8);
Insert into NIKHIL.PRODUCT (ID,CODE,CREATED_DATE,DESCRIPTION,ENABLED,IMAGENAME,LASTUPDATE_DATE,OFFERPRICE,PRICE,STOCK,CATEGORY_ID) values (21,'Samsung Note7',to_timestamp('26-08-18 04:47:46.697000000 PM','DD-MM-RR HH12:MI:SSXFF AM'),'This is the Samsung Note7 want to buy?',1,'Samsung Note7.jpg',null,56000,59000,50,9);
Insert into NIKHIL.PRODUCT (ID,CODE,CREATED_DATE,DESCRIPTION,ENABLED,IMAGENAME,LASTUPDATE_DATE,OFFERPRICE,PRICE,STOCK,CATEGORY_ID) values (22,'Samsung Note6',to_timestamp('26-08-18 04:47:46.699000000 PM','DD-MM-RR HH12:MI:SSXFF AM'),'This is the Samsung Note6 want to buy?',1,'Samsung Note6.jpg',null,56000,59000,50,9);
Insert into NIKHIL.PRODUCT (ID,CODE,CREATED_DATE,DESCRIPTION,ENABLED,IMAGENAME,LASTUPDATE_DATE,OFFERPRICE,PRICE,STOCK,CATEGORY_ID) values (23,'Samsung Note5',to_timestamp('26-08-18 04:47:46.699000000 PM','DD-MM-RR HH12:MI:SSXFF AM'),'This is the Samsung Note5 want to buy?',1,'Samsung Note5.jpg',null,56000,59000,50,10);
Insert into NIKHIL.PRODUCT (ID,CODE,CREATED_DATE,DESCRIPTION,ENABLED,IMAGENAME,LASTUPDATE_DATE,OFFERPRICE,PRICE,STOCK,CATEGORY_ID) values (24,'Samsung Note4',to_timestamp('26-08-18 04:47:46.700000000 PM','DD-MM-RR HH12:MI:SSXFF AM'),'This is the Samsung Note4 want to buy?',1,'Samsung Note4.jpg',null,56000,59000,50,10);
Insert into NIKHIL.PRODUCT (ID,CODE,CREATED_DATE,DESCRIPTION,ENABLED,IMAGENAME,LASTUPDATE_DATE,OFFERPRICE,PRICE,STOCK,CATEGORY_ID) values (25,'Samsung Note3',to_timestamp('26-08-18 04:47:46.700000000 PM','DD-MM-RR HH12:MI:SSXFF AM'),'This is the Samsung Note3 want to buy?',1,'Samsung Note3.jpg',null,56000,59000,50,11);
Insert into NIKHIL.PRODUCT (ID,CODE,CREATED_DATE,DESCRIPTION,ENABLED,IMAGENAME,LASTUPDATE_DATE,OFFERPRICE,PRICE,STOCK,CATEGORY_ID) values (26,'Samsung Note2',to_timestamp('26-08-18 04:47:46.701000000 PM','DD-MM-RR HH12:MI:SSXFF AM'),'This is the Samsung Note2 want to buy?',1,'Samsung Note2.jpg',null,56000,59000,50,11);
Insert into NIKHIL.PRODUCT (ID,CODE,CREATED_DATE,DESCRIPTION,ENABLED,IMAGENAME,LASTUPDATE_DATE,OFFERPRICE,PRICE,STOCK,CATEGORY_ID) values (27,'Samsung Note1',to_timestamp('26-08-18 04:47:46.701000000 PM','DD-MM-RR HH12:MI:SSXFF AM'),'This is the Samsung Note1 want to buy?',1,'Samsung Note1.jpg',null,56000,59000,50,11);
Insert into NIKHIL.PRODUCT (ID,CODE,CREATED_DATE,DESCRIPTION,ENABLED,IMAGENAME,LASTUPDATE_DATE,OFFERPRICE,PRICE,STOCK,CATEGORY_ID) values (28,'Samsung Note',to_timestamp('26-08-18 04:47:46.702000000 PM','DD-MM-RR HH12:MI:SSXFF AM'),'This is the Samsung Note want to buy?',1,'Samsung Note.jpg',null,56000,59000,50,12);
Insert into NIKHIL.PRODUCT (ID,CODE,CREATED_DATE,DESCRIPTION,ENABLED,IMAGENAME,LASTUPDATE_DATE,OFFERPRICE,PRICE,STOCK,CATEGORY_ID) values (29,'Samsung s6',to_timestamp('26-08-18 04:47:46.703000000 PM','DD-MM-RR HH12:MI:SSXFF AM'),'This is the Samsung s6 want to buy?',1,'Samsung s6.jpg',null,56000,59000,50,13);
Insert into NIKHIL.PRODUCT (ID,CODE,CREATED_DATE,DESCRIPTION,ENABLED,IMAGENAME,LASTUPDATE_DATE,OFFERPRICE,PRICE,STOCK,CATEGORY_ID) values (30,'Samsung s5',to_timestamp('26-08-18 04:47:46.704000000 PM','DD-MM-RR HH12:MI:SSXFF AM'),'This is the Samsung s5 want to buy?',1,'Samsung s5.jpg',null,56000,59000,50,14);
Insert into NIKHIL.PRODUCT (ID,CODE,CREATED_DATE,DESCRIPTION,ENABLED,IMAGENAME,LASTUPDATE_DATE,OFFERPRICE,PRICE,STOCK,CATEGORY_ID) values (31,'Samsung s4',to_timestamp('26-08-18 04:47:46.705000000 PM','DD-MM-RR HH12:MI:SSXFF AM'),'This is the Samsung s4 want to buy?',1,'Samsung s4.jpg',null,56000,59000,50,14);
Insert into NIKHIL.PRODUCT (ID,CODE,CREATED_DATE,DESCRIPTION,ENABLED,IMAGENAME,LASTUPDATE_DATE,OFFERPRICE,PRICE,STOCK,CATEGORY_ID) values (32,'Samsung s3',to_timestamp('26-08-18 04:47:46.706000000 PM','DD-MM-RR HH12:MI:SSXFF AM'),'This is the Samsung s3 want to buy?',1,'Samsung s3.jpg',null,56000,59000,50,13);
Insert into NIKHIL.PRODUCT (ID,CODE,CREATED_DATE,DESCRIPTION,ENABLED,IMAGENAME,LASTUPDATE_DATE,OFFERPRICE,PRICE,STOCK,CATEGORY_ID) values (33,'Samsung s2',to_timestamp('26-08-18 04:47:46.707000000 PM','DD-MM-RR HH12:MI:SSXFF AM'),'This is the Samsung s2 want to buy?',1,'Samsung s2.jpg',null,56000,59000,50,7);
Insert into NIKHIL.PRODUCT (ID,CODE,CREATED_DATE,DESCRIPTION,ENABLED,IMAGENAME,LASTUPDATE_DATE,OFFERPRICE,PRICE,STOCK,CATEGORY_ID) values (34,'Oneplus6',to_timestamp('26-08-18 04:47:46.707000000 PM','DD-MM-RR HH12:MI:SSXFF AM'),'This is the Oneplus6 want to buy?',1,'Oneplus6.jpg',null,56000,59000,50,6);
Insert into NIKHIL.PRODUCT (ID,CODE,CREATED_DATE,DESCRIPTION,ENABLED,IMAGENAME,LASTUPDATE_DATE,OFFERPRICE,PRICE,STOCK,CATEGORY_ID) values (35,'Oneplus5',to_timestamp('26-08-18 04:47:46.708000000 PM','DD-MM-RR HH12:MI:SSXFF AM'),'This is the Oneplus5 want to buy?',1,'Oneplus5.jpg',null,56000,59000,50,6);
Insert into NIKHIL.PRODUCT (ID,CODE,CREATED_DATE,DESCRIPTION,ENABLED,IMAGENAME,LASTUPDATE_DATE,OFFERPRICE,PRICE,STOCK,CATEGORY_ID) values (36,'Oneplus4',to_timestamp('26-08-18 04:47:46.708000000 PM','DD-MM-RR HH12:MI:SSXFF AM'),'This is the Oneplus4 want to buy?',1,'Oneplus4.jpg',null,56000,59000,50,10);
Insert into NIKHIL.PRODUCT (ID,CODE,CREATED_DATE,DESCRIPTION,ENABLED,IMAGENAME,LASTUPDATE_DATE,OFFERPRICE,PRICE,STOCK,CATEGORY_ID) values (37,'Oneplus3',to_timestamp('26-08-18 04:47:46.708000000 PM','DD-MM-RR HH12:MI:SSXFF AM'),'This is the Oneplus3 want to buy?',1,'Oneplus3.jpg',null,56000,59000,50,12);
Insert into NIKHIL.PRODUCT (ID,CODE,CREATED_DATE,DESCRIPTION,ENABLED,IMAGENAME,LASTUPDATE_DATE,OFFERPRICE,PRICE,STOCK,CATEGORY_ID) values (38,'Oneplus2',to_timestamp('26-08-18 04:47:46.709000000 PM','DD-MM-RR HH12:MI:SSXFF AM'),'This is the Oneplus2 want to buy?',1,'Oneplus2.jpg',null,56000,59000,50,13);
Insert into NIKHIL.PRODUCT (ID,CODE,CREATED_DATE,DESCRIPTION,ENABLED,IMAGENAME,LASTUPDATE_DATE,OFFERPRICE,PRICE,STOCK,CATEGORY_ID) values (39,'Oneplus',to_timestamp('26-08-18 04:47:46.710000000 PM','DD-MM-RR HH12:MI:SSXFF AM'),'This is the Oneplus want to buy?',1,'Oneplus.jpg',null,56000,59000,50,8);
REM INSERTING into NIKHIL.PRODUCT_CATEGORY
SET DEFINE OFF;
Insert into NIKHIL.PRODUCT_CATEGORY (ID,CODE,CREATED_DATE,ENABLED,LASTUPDATE_DATE,TYPE) values (6,'Computers&Laptops',to_timestamp('26-08-18 04:47:46.630000000 PM','DD-MM-RR HH12:MI:SSXFF AM'),1,null,'Computers & Laptops');
Insert into NIKHIL.PRODUCT_CATEGORY (ID,CODE,CREATED_DATE,ENABLED,LASTUPDATE_DATE,TYPE) values (7,'Cameras&Photos',to_timestamp('26-08-18 04:47:46.631000000 PM','DD-MM-RR HH12:MI:SSXFF AM'),1,null,'Cameras & Photos');
Insert into NIKHIL.PRODUCT_CATEGORY (ID,CODE,CREATED_DATE,ENABLED,LASTUPDATE_DATE,TYPE) values (8,'Hardware',to_timestamp('26-08-18 04:47:46.631000000 PM','DD-MM-RR HH12:MI:SSXFF AM'),1,null,'Hardware');
Insert into NIKHIL.PRODUCT_CATEGORY (ID,CODE,CREATED_DATE,ENABLED,LASTUPDATE_DATE,TYPE) values (9,'Smartphones&Tablets',to_timestamp('26-08-18 04:47:46.632000000 PM','DD-MM-RR HH12:MI:SSXFF AM'),1,null,'Smartphones & Tablets');
Insert into NIKHIL.PRODUCT_CATEGORY (ID,CODE,CREATED_DATE,ENABLED,LASTUPDATE_DATE,TYPE) values (10,'TV&Audio',to_timestamp('26-08-18 04:47:46.632000000 PM','DD-MM-RR HH12:MI:SSXFF AM'),1,null,'TV & Audio');
Insert into NIKHIL.PRODUCT_CATEGORY (ID,CODE,CREATED_DATE,ENABLED,LASTUPDATE_DATE,TYPE) values (11,'Gadgets',to_timestamp('26-08-18 04:47:46.632000000 PM','DD-MM-RR HH12:MI:SSXFF AM'),1,null,'Gadgets');
Insert into NIKHIL.PRODUCT_CATEGORY (ID,CODE,CREATED_DATE,ENABLED,LASTUPDATE_DATE,TYPE) values (12,'Car&Electronics',to_timestamp('26-08-18 04:47:46.633000000 PM','DD-MM-RR HH12:MI:SSXFF AM'),1,null,'Car & Electronics');
Insert into NIKHIL.PRODUCT_CATEGORY (ID,CODE,CREATED_DATE,ENABLED,LASTUPDATE_DATE,TYPE) values (13,'VideoGames&Consoles',to_timestamp('26-08-18 04:47:46.633000000 PM','DD-MM-RR HH12:MI:SSXFF AM'),1,null,'Video Games & Consoles');
Insert into NIKHIL.PRODUCT_CATEGORY (ID,CODE,CREATED_DATE,ENABLED,LASTUPDATE_DATE,TYPE) values (14,'Accessories',to_timestamp('26-08-18 04:47:46.634000000 PM','DD-MM-RR HH12:MI:SSXFF AM'),1,null,'Accessories');
REM INSERTING into NIKHIL.ROLE
SET DEFINE OFF;
Insert into NIKHIL.ROLE (ROLEID,NAME) values (1,'ROLE_ADMIN');
Insert into NIKHIL.ROLE (ROLEID,NAME) values (2,'ROLE_USER');
REM INSERTING into NIKHIL.USER_ROLE
SET DEFINE OFF;
Insert into NIKHIL.USER_ROLE (USERROLEID,ROLE_ID,USER_ID) values (4,1,3);
Insert into NIKHIL.USER_ROLE (USERROLEID,ROLE_ID,USER_ID) values (5,2,3);
REM INSERTING into NIKHIL.USERS
SET DEFINE OFF;
Insert into NIKHIL.USERS (ID,CREATED_DATE,EMAIL,ENABLED,FIRSTNAME,LASTUPDATE_DATE,PASSWORD,ROLE,USERNAME) values (3,to_timestamp('26-08-18 04:47:46.538000000 PM','DD-MM-RR HH12:MI:SSXFF AM'),null,1,'Nikhil Mohandas',null,'$2a$12$LtbYtEzOBdnsiD/E9Wtj2OnpJ1FB7girEHgGVhynqGSFVKGazltGO','ROLE_ADMIN','nikhil');
--------------------------------------------------------
--  DDL for Index SYS_C0036654
--------------------------------------------------------

  CREATE UNIQUE INDEX "NIKHIL"."SYS_C0036654" ON "NIKHIL"."ADDRESS" ("ID") 
  PCTFREE 10 INITRANS 2 MAXTRANS 255 
  TABLESPACE "USERS" ;
--------------------------------------------------------
--  DDL for Index SYS_C0036656
--------------------------------------------------------

  CREATE UNIQUE INDEX "NIKHIL"."SYS_C0036656" ON "NIKHIL"."CART" ("ID") 
  PCTFREE 10 INITRANS 2 MAXTRANS 255 
  TABLESPACE "USERS" ;
--------------------------------------------------------
--  DDL for Index UK_L6ENJW1C21QBM85059L3HENTH
--------------------------------------------------------

  CREATE UNIQUE INDEX "NIKHIL"."UK_L6ENJW1C21QBM85059L3HENTH" ON "NIKHIL"."CART_PRODUCT" ("PRODUCT_ID") 
  PCTFREE 10 INITRANS 2 MAXTRANS 255 COMPUTE STATISTICS 
  TABLESPACE "USERS" ;
--------------------------------------------------------
--  DDL for Index SYS_C0036663
--------------------------------------------------------

  CREATE UNIQUE INDEX "NIKHIL"."SYS_C0036663" ON "NIKHIL"."ORDERS" ("ID") 
  PCTFREE 10 INITRANS 2 MAXTRANS 255 
  TABLESPACE "USERS" ;
--------------------------------------------------------
--  DDL for Index UK_GCT83I6VLIH0RFSSNNF1ADC16
--------------------------------------------------------

  CREATE UNIQUE INDEX "NIKHIL"."UK_GCT83I6VLIH0RFSSNNF1ADC16" ON "NIKHIL"."ORDERS_PRODUCT" ("PRODUCT_ID") 
  PCTFREE 10 INITRANS 2 MAXTRANS 255 COMPUTE STATISTICS 
  TABLESPACE "USERS" ;
--------------------------------------------------------
--  DDL for Index SYS_C0036672
--------------------------------------------------------

  CREATE UNIQUE INDEX "NIKHIL"."SYS_C0036672" ON "NIKHIL"."PRODUCT" ("ID") 
  PCTFREE 10 INITRANS 2 MAXTRANS 255 
  STORAGE(INITIAL 65536 NEXT 1048576 MINEXTENTS 1 MAXEXTENTS 2147483645
  PCTINCREASE 0 FREELISTS 1 FREELIST GROUPS 1
  BUFFER_POOL DEFAULT FLASH_CACHE DEFAULT CELL_FLASH_CACHE DEFAULT)
  TABLESPACE "USERS" ;
--------------------------------------------------------
--  DDL for Index UK_10GANH9TLH637BDU7SAMMC8DP
--------------------------------------------------------

  CREATE UNIQUE INDEX "NIKHIL"."UK_10GANH9TLH637BDU7SAMMC8DP" ON "NIKHIL"."PRODUCT" ("CODE") 
  PCTFREE 10 INITRANS 2 MAXTRANS 255 COMPUTE STATISTICS 
  STORAGE(INITIAL 65536 NEXT 1048576 MINEXTENTS 1 MAXEXTENTS 2147483645
  PCTINCREASE 0 FREELISTS 1 FREELIST GROUPS 1
  BUFFER_POOL DEFAULT FLASH_CACHE DEFAULT CELL_FLASH_CACHE DEFAULT)
  TABLESPACE "USERS" ;
--------------------------------------------------------
--  DDL for Index SYS_C0036675
--------------------------------------------------------

  CREATE UNIQUE INDEX "NIKHIL"."SYS_C0036675" ON "NIKHIL"."PRODUCT_CATEGORY" ("ID") 
  PCTFREE 10 INITRANS 2 MAXTRANS 255 
  STORAGE(INITIAL 65536 NEXT 1048576 MINEXTENTS 1 MAXEXTENTS 2147483645
  PCTINCREASE 0 FREELISTS 1 FREELIST GROUPS 1
  BUFFER_POOL DEFAULT FLASH_CACHE DEFAULT CELL_FLASH_CACHE DEFAULT)
  TABLESPACE "USERS" ;
--------------------------------------------------------
--  DDL for Index UK_C4MVV9OR7VACPH0GGKTTMY252
--------------------------------------------------------

  CREATE UNIQUE INDEX "NIKHIL"."UK_C4MVV9OR7VACPH0GGKTTMY252" ON "NIKHIL"."PRODUCT_CATEGORY" ("CODE") 
  PCTFREE 10 INITRANS 2 MAXTRANS 255 COMPUTE STATISTICS 
  STORAGE(INITIAL 65536 NEXT 1048576 MINEXTENTS 1 MAXEXTENTS 2147483645
  PCTINCREASE 0 FREELISTS 1 FREELIST GROUPS 1
  BUFFER_POOL DEFAULT FLASH_CACHE DEFAULT CELL_FLASH_CACHE DEFAULT)
  TABLESPACE "USERS" ;
--------------------------------------------------------
--  DDL for Index UK_25XJEIO8M41WF2OELAC29YKR6
--------------------------------------------------------

  CREATE UNIQUE INDEX "NIKHIL"."UK_25XJEIO8M41WF2OELAC29YKR6" ON "NIKHIL"."PRODUCT_CATEGORY" ("TYPE") 
  PCTFREE 10 INITRANS 2 MAXTRANS 255 COMPUTE STATISTICS 
  STORAGE(INITIAL 65536 NEXT 1048576 MINEXTENTS 1 MAXEXTENTS 2147483645
  PCTINCREASE 0 FREELISTS 1 FREELIST GROUPS 1
  BUFFER_POOL DEFAULT FLASH_CACHE DEFAULT CELL_FLASH_CACHE DEFAULT)
  TABLESPACE "USERS" ;
--------------------------------------------------------
--  DDL for Index SYS_C0036677
--------------------------------------------------------

  CREATE UNIQUE INDEX "NIKHIL"."SYS_C0036677" ON "NIKHIL"."ROLE" ("ROLEID") 
  PCTFREE 10 INITRANS 2 MAXTRANS 255 
  STORAGE(INITIAL 65536 NEXT 1048576 MINEXTENTS 1 MAXEXTENTS 2147483645
  PCTINCREASE 0 FREELISTS 1 FREELIST GROUPS 1
  BUFFER_POOL DEFAULT FLASH_CACHE DEFAULT CELL_FLASH_CACHE DEFAULT)
  TABLESPACE "USERS" ;
--------------------------------------------------------
--  DDL for Index UK_7D8A768X6AIUVMSA24HQIHARG
--------------------------------------------------------

  CREATE UNIQUE INDEX "NIKHIL"."UK_7D8A768X6AIUVMSA24HQIHARG" ON "NIKHIL"."ROLE" ("NAME") 
  PCTFREE 10 INITRANS 2 MAXTRANS 255 COMPUTE STATISTICS 
  STORAGE(INITIAL 65536 NEXT 1048576 MINEXTENTS 1 MAXEXTENTS 2147483645
  PCTINCREASE 0 FREELISTS 1 FREELIST GROUPS 1
  BUFFER_POOL DEFAULT FLASH_CACHE DEFAULT CELL_FLASH_CACHE DEFAULT)
  TABLESPACE "USERS" ;
--------------------------------------------------------
--  DDL for Index SYS_C0036679
--------------------------------------------------------

  CREATE UNIQUE INDEX "NIKHIL"."SYS_C0036679" ON "NIKHIL"."USER_ROLE" ("USERROLEID") 
  PCTFREE 10 INITRANS 2 MAXTRANS 255 
  STORAGE(INITIAL 65536 NEXT 1048576 MINEXTENTS 1 MAXEXTENTS 2147483645
  PCTINCREASE 0 FREELISTS 1 FREELIST GROUPS 1
  BUFFER_POOL DEFAULT FLASH_CACHE DEFAULT CELL_FLASH_CACHE DEFAULT)
  TABLESPACE "USERS" ;
--------------------------------------------------------
--  DDL for Index SYS_C0036683
--------------------------------------------------------

  CREATE UNIQUE INDEX "NIKHIL"."SYS_C0036683" ON "NIKHIL"."USERS" ("ID") 
  PCTFREE 10 INITRANS 2 MAXTRANS 255 
  STORAGE(INITIAL 65536 NEXT 1048576 MINEXTENTS 1 MAXEXTENTS 2147483645
  PCTINCREASE 0 FREELISTS 1 FREELIST GROUPS 1
  BUFFER_POOL DEFAULT FLASH_CACHE DEFAULT CELL_FLASH_CACHE DEFAULT)
  TABLESPACE "USERS" ;
--------------------------------------------------------
--  Constraints for Table ADDRESS
--------------------------------------------------------

  ALTER TABLE "NIKHIL"."ADDRESS" ADD PRIMARY KEY ("ID")
  USING INDEX PCTFREE 10 INITRANS 2 MAXTRANS 255 
  TABLESPACE "USERS"  ENABLE;
  ALTER TABLE "NIKHIL"."ADDRESS" MODIFY ("USER_ID" NOT NULL ENABLE);
  ALTER TABLE "NIKHIL"."ADDRESS" MODIFY ("POSTALCODE" NOT NULL ENABLE);
  ALTER TABLE "NIKHIL"."ADDRESS" MODIFY ("LASTNAME" NOT NULL ENABLE);
  ALTER TABLE "NIKHIL"."ADDRESS" MODIFY ("FIRSTNAME" NOT NULL ENABLE);
  ALTER TABLE "NIKHIL"."ADDRESS" MODIFY ("ADDRESS" NOT NULL ENABLE);
  ALTER TABLE "NIKHIL"."ADDRESS" MODIFY ("ID" NOT NULL ENABLE);
--------------------------------------------------------
--  Constraints for Table CART
--------------------------------------------------------

  ALTER TABLE "NIKHIL"."CART" ADD PRIMARY KEY ("ID")
  USING INDEX PCTFREE 10 INITRANS 2 MAXTRANS 255 
  TABLESPACE "USERS"  ENABLE;
  ALTER TABLE "NIKHIL"."CART" MODIFY ("ID" NOT NULL ENABLE);
--------------------------------------------------------
--  Constraints for Table CART_PRODUCT
--------------------------------------------------------

  ALTER TABLE "NIKHIL"."CART_PRODUCT" ADD CONSTRAINT "UK_L6ENJW1C21QBM85059L3HENTH" UNIQUE ("PRODUCT_ID")
  USING INDEX PCTFREE 10 INITRANS 2 MAXTRANS 255 COMPUTE STATISTICS 
  TABLESPACE "USERS"  ENABLE;
  ALTER TABLE "NIKHIL"."CART_PRODUCT" MODIFY ("PRODUCT_ID" NOT NULL ENABLE);
  ALTER TABLE "NIKHIL"."CART_PRODUCT" MODIFY ("CART_ID" NOT NULL ENABLE);
--------------------------------------------------------
--  Constraints for Table ORDERS
--------------------------------------------------------

  ALTER TABLE "NIKHIL"."ORDERS" ADD PRIMARY KEY ("ID")
  USING INDEX PCTFREE 10 INITRANS 2 MAXTRANS 255 
  TABLESPACE "USERS"  ENABLE;
  ALTER TABLE "NIKHIL"."ORDERS" MODIFY ("USER_ID" NOT NULL ENABLE);
  ALTER TABLE "NIKHIL"."ORDERS" MODIFY ("ADDRESS_ID" NOT NULL ENABLE);
  ALTER TABLE "NIKHIL"."ORDERS" MODIFY ("ORDERSTATUS" NOT NULL ENABLE);
  ALTER TABLE "NIKHIL"."ORDERS" MODIFY ("ID" NOT NULL ENABLE);
--------------------------------------------------------
--  Constraints for Table ORDERS_PRODUCT
--------------------------------------------------------

  ALTER TABLE "NIKHIL"."ORDERS_PRODUCT" ADD CONSTRAINT "UK_GCT83I6VLIH0RFSSNNF1ADC16" UNIQUE ("PRODUCT_ID")
  USING INDEX PCTFREE 10 INITRANS 2 MAXTRANS 255 COMPUTE STATISTICS 
  TABLESPACE "USERS"  ENABLE;
  ALTER TABLE "NIKHIL"."ORDERS_PRODUCT" MODIFY ("PRODUCT_ID" NOT NULL ENABLE);
  ALTER TABLE "NIKHIL"."ORDERS_PRODUCT" MODIFY ("ORDER_ID" NOT NULL ENABLE);
--------------------------------------------------------
--  Constraints for Table PRODUCT
--------------------------------------------------------

  ALTER TABLE "NIKHIL"."PRODUCT" ADD CONSTRAINT "UK_10GANH9TLH637BDU7SAMMC8DP" UNIQUE ("CODE")
  USING INDEX PCTFREE 10 INITRANS 2 MAXTRANS 255 COMPUTE STATISTICS 
  STORAGE(INITIAL 65536 NEXT 1048576 MINEXTENTS 1 MAXEXTENTS 2147483645
  PCTINCREASE 0 FREELISTS 1 FREELIST GROUPS 1
  BUFFER_POOL DEFAULT FLASH_CACHE DEFAULT CELL_FLASH_CACHE DEFAULT)
  TABLESPACE "USERS"  ENABLE;
  ALTER TABLE "NIKHIL"."PRODUCT" ADD PRIMARY KEY ("ID")
  USING INDEX PCTFREE 10 INITRANS 2 MAXTRANS 255 
  STORAGE(INITIAL 65536 NEXT 1048576 MINEXTENTS 1 MAXEXTENTS 2147483645
  PCTINCREASE 0 FREELISTS 1 FREELIST GROUPS 1
  BUFFER_POOL DEFAULT FLASH_CACHE DEFAULT CELL_FLASH_CACHE DEFAULT)
  TABLESPACE "USERS"  ENABLE;
  ALTER TABLE "NIKHIL"."PRODUCT" MODIFY ("CATEGORY_ID" NOT NULL ENABLE);
  ALTER TABLE "NIKHIL"."PRODUCT" MODIFY ("STOCK" NOT NULL ENABLE);
  ALTER TABLE "NIKHIL"."PRODUCT" MODIFY ("PRICE" NOT NULL ENABLE);
  ALTER TABLE "NIKHIL"."PRODUCT" MODIFY ("ENABLED" NOT NULL ENABLE);
  ALTER TABLE "NIKHIL"."PRODUCT" MODIFY ("CODE" NOT NULL ENABLE);
  ALTER TABLE "NIKHIL"."PRODUCT" MODIFY ("ID" NOT NULL ENABLE);
--------------------------------------------------------
--  Constraints for Table PRODUCT_CATEGORY
--------------------------------------------------------

  ALTER TABLE "NIKHIL"."PRODUCT_CATEGORY" ADD CONSTRAINT "UK_25XJEIO8M41WF2OELAC29YKR6" UNIQUE ("TYPE")
  USING INDEX PCTFREE 10 INITRANS 2 MAXTRANS 255 COMPUTE STATISTICS 
  STORAGE(INITIAL 65536 NEXT 1048576 MINEXTENTS 1 MAXEXTENTS 2147483645
  PCTINCREASE 0 FREELISTS 1 FREELIST GROUPS 1
  BUFFER_POOL DEFAULT FLASH_CACHE DEFAULT CELL_FLASH_CACHE DEFAULT)
  TABLESPACE "USERS"  ENABLE;
  ALTER TABLE "NIKHIL"."PRODUCT_CATEGORY" ADD CONSTRAINT "UK_C4MVV9OR7VACPH0GGKTTMY252" UNIQUE ("CODE")
  USING INDEX PCTFREE 10 INITRANS 2 MAXTRANS 255 COMPUTE STATISTICS 
  STORAGE(INITIAL 65536 NEXT 1048576 MINEXTENTS 1 MAXEXTENTS 2147483645
  PCTINCREASE 0 FREELISTS 1 FREELIST GROUPS 1
  BUFFER_POOL DEFAULT FLASH_CACHE DEFAULT CELL_FLASH_CACHE DEFAULT)
  TABLESPACE "USERS"  ENABLE;
  ALTER TABLE "NIKHIL"."PRODUCT_CATEGORY" ADD PRIMARY KEY ("ID")
  USING INDEX PCTFREE 10 INITRANS 2 MAXTRANS 255 
  STORAGE(INITIAL 65536 NEXT 1048576 MINEXTENTS 1 MAXEXTENTS 2147483645
  PCTINCREASE 0 FREELISTS 1 FREELIST GROUPS 1
  BUFFER_POOL DEFAULT FLASH_CACHE DEFAULT CELL_FLASH_CACHE DEFAULT)
  TABLESPACE "USERS"  ENABLE;
  ALTER TABLE "NIKHIL"."PRODUCT_CATEGORY" MODIFY ("ENABLED" NOT NULL ENABLE);
  ALTER TABLE "NIKHIL"."PRODUCT_CATEGORY" MODIFY ("ID" NOT NULL ENABLE);
--------------------------------------------------------
--  Constraints for Table ROLE
--------------------------------------------------------

  ALTER TABLE "NIKHIL"."ROLE" ADD CONSTRAINT "UK_7D8A768X6AIUVMSA24HQIHARG" UNIQUE ("NAME")
  USING INDEX PCTFREE 10 INITRANS 2 MAXTRANS 255 COMPUTE STATISTICS 
  STORAGE(INITIAL 65536 NEXT 1048576 MINEXTENTS 1 MAXEXTENTS 2147483645
  PCTINCREASE 0 FREELISTS 1 FREELIST GROUPS 1
  BUFFER_POOL DEFAULT FLASH_CACHE DEFAULT CELL_FLASH_CACHE DEFAULT)
  TABLESPACE "USERS"  ENABLE;
  ALTER TABLE "NIKHIL"."ROLE" ADD PRIMARY KEY ("ROLEID")
  USING INDEX PCTFREE 10 INITRANS 2 MAXTRANS 255 
  STORAGE(INITIAL 65536 NEXT 1048576 MINEXTENTS 1 MAXEXTENTS 2147483645
  PCTINCREASE 0 FREELISTS 1 FREELIST GROUPS 1
  BUFFER_POOL DEFAULT FLASH_CACHE DEFAULT CELL_FLASH_CACHE DEFAULT)
  TABLESPACE "USERS"  ENABLE;
  ALTER TABLE "NIKHIL"."ROLE" MODIFY ("ROLEID" NOT NULL ENABLE);
--------------------------------------------------------
--  Constraints for Table USER_ROLE
--------------------------------------------------------

  ALTER TABLE "NIKHIL"."USER_ROLE" ADD PRIMARY KEY ("USERROLEID")
  USING INDEX PCTFREE 10 INITRANS 2 MAXTRANS 255 
  STORAGE(INITIAL 65536 NEXT 1048576 MINEXTENTS 1 MAXEXTENTS 2147483645
  PCTINCREASE 0 FREELISTS 1 FREELIST GROUPS 1
  BUFFER_POOL DEFAULT FLASH_CACHE DEFAULT CELL_FLASH_CACHE DEFAULT)
  TABLESPACE "USERS"  ENABLE;
  ALTER TABLE "NIKHIL"."USER_ROLE" MODIFY ("USERROLEID" NOT NULL ENABLE);
--------------------------------------------------------
--  Constraints for Table USERS
--------------------------------------------------------

  ALTER TABLE "NIKHIL"."USERS" ADD PRIMARY KEY ("ID")
  USING INDEX PCTFREE 10 INITRANS 2 MAXTRANS 255 
  STORAGE(INITIAL 65536 NEXT 1048576 MINEXTENTS 1 MAXEXTENTS 2147483645
  PCTINCREASE 0 FREELISTS 1 FREELIST GROUPS 1
  BUFFER_POOL DEFAULT FLASH_CACHE DEFAULT CELL_FLASH_CACHE DEFAULT)
  TABLESPACE "USERS"  ENABLE;
  ALTER TABLE "NIKHIL"."USERS" MODIFY ("PASSWORD" NOT NULL ENABLE);
  ALTER TABLE "NIKHIL"."USERS" MODIFY ("ENABLED" NOT NULL ENABLE);
  ALTER TABLE "NIKHIL"."USERS" MODIFY ("ID" NOT NULL ENABLE);

CREATE SEQUENCE  "NIKHIL"."HIBERNATE_SEQUENCE"  MINVALUE 1 MAXVALUE 9999999999999999999999999999 INCREMENT BY 1 START WITH 5 CACHE 20 ORDER  NOCYCLE  NOPARTITION ;